
{
    "name": "us-east1.6410912925830260480",
    "metadata": {
        "@type": "type.googleapis.com/google.cloud.videointelligence.v1.AnnotateVideoProgress",
        "annotationProgress": [
            {
                "inputUri": "/hackuva2018/BCFS.mp4",
                "progressPercent": 100,
                "startTime": "2018-03-25T15:19:03.314106Z",
                "updateTime": "2018-03-25T15:19:16.016165Z"
            }
        ]
    },
    "done": true,
    "response": {
        "@type": "type.googleapis.com/google.cloud.videointelligence.v1.AnnotateVideoResponse",
        "annotationResults": [
            {
                "inputUri": "/hackuva2018/BCFS.mp4",
                "segmentLabelAnnotations": [
                    {
                        "entity": {
                            "entityId": "/m/03bt1gh",
                            "description": "games",
                            "languageCode": "en-US"
                        },
                        "segments": [
                            {
                                "segment": {
                                    "startTimeOffset": "0s",
                                    "endTimeOffset": "129.095633s"
                                },
                                "confidence": 0.5808941
                            }
                        ]
                    },
                    {
                        "entity": {
                            "entityId": "/m/0k4j",
                            "description": "car",
                            "languageCode": "en-US"
                        },
                        "categoryEntities": [
                            {
                                "entityId": "/m/07yv9",
                                "description": "vehicle",
                                "languageCode": "en-US"
                            }
                        ],
                        "segments": [
                            {
                                "segment": {
                                    "startTimeOffset": "0s",
                                    "endTimeOffset": "129.095633s"
                                },
                                "confidence": 0.5690629
                            }
                        ]
                    },
                    {
                        "entity": {
                            "entityId": "/m/07yv9",
                            "description": "vehicle",
                            "languageCode": "en-US"
                        },
                        "segments": [
                            {
                                "segment": {
                                    "startTimeOffset": "0s",
                                    "endTimeOffset": "129.095633s"
                                },
                                "confidence": 0.59724176
                            }
                        ]
                    }
                ],
                "shotLabelAnnotations": [
                    {
                        "entity": {
                            "entityId": "/m/0410tth",
                            "description": "motorsport",
                            "languageCode": "en-US"
                        },
                        "categoryEntities": [
                            {
                                "entityId": "/m/06ntj",
                                "description": "sports",
                                "languageCode": "en-US"
                            }
                        ],
                        "segments": [
                            {
                                "segment": {
                                    "startTimeOffset": "11.911900s",
                                    "endTimeOffset": "13.279933s"
                                },
                                "confidence": 0.45971987
                            },
                            {
                                "segment": {
                                    "startTimeOffset": "73.106366s",
                                    "endTimeOffset": "75.008266s"
                                },
                                "confidence": 0.8203874
                            },
                            {
                                "segment": {
                                    "startTimeOffset": "75.041633s",
                                    "endTimeOffset": "77.210466s"
                                },
                                "confidence": 0.8450514
                            },
                            {
                                "segment": {
                                    "startTimeOffset": "77.243833s",
                                    "endTimeOffset": "82.649233s"
                                },
                                "confidence": 0.70053345
                            }
                        ]
                    },
                    {
                        "entity": {
                            "entityId": "/m/07yv9",
                            "description": "vehicle",
                            "languageCode": "en-US"
                        },
                        "segments": [
                            {
                                "segment": {
                                    "startTimeOffset": "8.341666s",
                                    "endTimeOffset": "11.878533s"
                                },
                                "confidence": 0.49500883
                            },
                            {
                                "segment": {
                                    "startTimeOffset": "11.911900s",
                                    "endTimeOffset": "13.279933s"
                                },
                                "confidence": 0.51026785
                            },
                            {
                                "segment": {
                                    "startTimeOffset": "13.313300s",
                                    "endTimeOffset": "15.115100s"
                                },
                                "confidence": 0.45293975
                            },
                            {
                                "segment": {
                                    "startTimeOffset": "15.715700s",
                                    "endTimeOffset": "16.683333s"
                                },
                                "confidence": 0.45896822
                            },
                            {
                                "segment": {
                                    "startTimeOffset": "16.716700s",
                                    "endTimeOffset": "17.884533s"
                                },
                                "confidence": 0.6707363
                            },
                            {
                                "segment": {
                                    "startTimeOffset": "72.138733s",
                                    "endTimeOffset": "73.073s"
                                },
                                "confidence": 0.8268079
                            },
                            {
                                "segment": {
                                    "startTimeOffset": "73.106366s",
                                    "endTimeOffset": "75.008266s"
                                },
                                "confidence": 0.9739711
                            },
                            {
                                "segment": {
                                    "startTimeOffset": "75.041633s",
                                    "endTimeOffset": "77.210466s"
                                },
                                "confidence": 0.9765928
                            },
                            {
                                "segment": {
                                    "startTimeOffset": "77.243833s",
                                    "endTimeOffset": "82.649233s"
                                },
                                "confidence": 0.9697058
                            },
                            {
                                "segment": {
                                    "startTimeOffset": "82.682600s",
                                    "endTimeOffset": "129.095633s"
                                },
                                "confidence": 0.7462656
                            }
                        ]
                    },
                    {
                        "entity": {
                            "entityId": "/m/0dkw5",
                            "description": "machine",
                            "languageCode": "en-US"
                        },
                        "segments": [
                            {
                                "segment": {
                                    "startTimeOffset": "17.917900s",
                                    "endTimeOffset": "20.186833s"
                                },
                                "confidence": 0.63675654
                            },
                            {
                                "segment": {
                                    "startTimeOffset": "20.220200s",
                                    "endTimeOffset": "20.987633s"
                                },
                                "confidence": 0.7023592
                            },
                            {
                                "segment": {
                                    "startTimeOffset": "21.621600s",
                                    "endTimeOffset": "21.988633s"
                                },
                                "confidence": 0.5289384
                            },
                            {
                                "segment": {
                                    "startTimeOffset": "22.822800s",
                                    "endTimeOffset": "41.574866s"
                                },
                                "confidence": 0.63675654
                            },
                            {
                                "segment": {
                                    "startTimeOffset": "41.608233s",
                                    "endTimeOffset": "41.975266s"
                                },
                                "confidence": 0.6738759
                            },
                            {
                                "segment": {
                                    "startTimeOffset": "42.008633s",
                                    "endTimeOffset": "44.377666s"
                                },
                                "confidence": 0.77216434
                            },
                            {
                                "segment": {
                                    "startTimeOffset": "44.411033s",
                                    "endTimeOffset": "45.578866s"
                                },
                                "confidence": 0.70217377
                            },
                            {
                                "segment": {
                                    "startTimeOffset": "46.012633s",
                                    "endTimeOffset": "48.982266s"
                                },
                                "confidence": 0.76602197
                            },
                            {
                                "segment": {
                                    "startTimeOffset": "49.416033s",
                                    "endTimeOffset": "50.083366s"
                                },
                                "confidence": 0.7652816
                            }
                        ]
                    },
                    {
                        "entity": {
                            "entityId": "/m/0k4j",
                            "description": "car",
                            "languageCode": "en-US"
                        },
                        "categoryEntities": [
                            {
                                "entityId": "/m/07yv9",
                                "description": "vehicle",
                                "languageCode": "en-US"
                            }
                        ],
                        "segments": [
                            {
                                "segment": {
                                    "startTimeOffset": "72.138733s",
                                    "endTimeOffset": "73.073s"
                                },
                                "confidence": 0.65187645
                            },
                            {
                                "segment": {
                                    "startTimeOffset": "73.106366s",
                                    "endTimeOffset": "75.008266s"
                                },
                                "confidence": 0.9754029
                            },
                            {
                                "segment": {
                                    "startTimeOffset": "75.041633s",
                                    "endTimeOffset": "77.210466s"
                                },
                                "confidence": 0.9831227
                            },
                            {
                                "segment": {
                                    "startTimeOffset": "77.243833s",
                                    "endTimeOffset": "82.649233s"
                                },
                                "confidence": 0.9714196
                            },
                            {
                                "segment": {
                                    "startTimeOffset": "82.682600s",
                                    "endTimeOffset": "129.095633s"
                                },
                                "confidence": 0.75577617
                            }
                        ]
                    },
                    {
                        "entity": {
                            "entityId": "/m/01prls",
                            "description": "land vehicle",
                            "languageCode": "en-US"
                        },
                        "categoryEntities": [
                            {
                                "entityId": "/m/07yv9",
                                "description": "vehicle",
                                "languageCode": "en-US"
                            }
                        ],
                        "segments": [
                            {
                                "segment": {
                                    "startTimeOffset": "73.106366s",
                                    "endTimeOffset": "75.008266s"
                                },
                                "confidence": 0.496
                            },
                            {
                                "segment": {
                                    "startTimeOffset": "75.041633s",
                                    "endTimeOffset": "77.210466s"
                                },
                                "confidence": 0.581885
                            },
                            {
                                "segment": {
                                    "startTimeOffset": "77.243833s",
                                    "endTimeOffset": "82.649233s"
                                },
                                "confidence": 0.4712453
                            }
                        ]
                    },
                    {
                        "entity": {
                            "entityId": "/m/03bt1gh",
                            "description": "games",
                            "languageCode": "en-US"
                        },
                        "segments": [
                            {
                                "segment": {
                                    "startTimeOffset": "4.004s",
                                    "endTimeOffset": "5.805800s"
                                },
                                "confidence": 0.66303116
                            },
                            {
                                "segment": {
                                    "startTimeOffset": "8.341666s",
                                    "endTimeOffset": "11.878533s"
                                },
                                "confidence": 0.40578687
                            },
                            {
                                "segment": {
                                    "startTimeOffset": "13.313300s",
                                    "endTimeOffset": "15.115100s"
                                },
                                "confidence": 0.4978824
                            },
                            {
                                "segment": {
                                    "startTimeOffset": "15.148466s",
                                    "endTimeOffset": "15.682333s"
                                },
                                "confidence": 0.66303116
                            },
                            {
                                "segment": {
                                    "startTimeOffset": "15.715700s",
                                    "endTimeOffset": "16.683333s"
                                },
                                "confidence": 0.4925861
                            },
                            {
                                "segment": {
                                    "startTimeOffset": "17.917900s",
                                    "endTimeOffset": "20.186833s"
                                },
                                "confidence": 0.45253482
                            },
                            {
                                "segment": {
                                    "startTimeOffset": "44.411033s",
                                    "endTimeOffset": "45.578866s"
                                },
                                "confidence": 0.465644
                            },
                            {
                                "segment": {
                                    "startTimeOffset": "49.416033s",
                                    "endTimeOffset": "50.083366s"
                                },
                                "confidence": 0.8110185
                            },
                            {
                                "segment": {
                                    "startTimeOffset": "50.116733s",
                                    "endTimeOffset": "56.222833s"
                                },
                                "confidence": 0.6050393
                            },
                            {
                                "segment": {
                                    "startTimeOffset": "56.256200s",
                                    "endTimeOffset": "65.365300s"
                                },
                                "confidence": 0.77437633
                            },
                            {
                                "segment": {
                                    "startTimeOffset": "65.398666s",
                                    "endTimeOffset": "68.234833s"
                                },
                                "confidence": 0.45190248
                            },
                            {
                                "segment": {
                                    "startTimeOffset": "68.268200s",
                                    "endTimeOffset": "69.235833s"
                                },
                                "confidence": 0.77437633
                            },
                            {
                                "segment": {
                                    "startTimeOffset": "69.269200s",
                                    "endTimeOffset": "72.105366s"
                                },
                                "confidence": 0.5270836
                            }
                        ]
                    },
                    {
                        "entity": {
                            "entityId": "/m/07s6nbt",
                            "description": "text",
                            "languageCode": "en-US"
                        },
                        "segments": [
                            {
                                "segment": {
                                    "startTimeOffset": "0s",
                                    "endTimeOffset": "3.970633s"
                                },
                                "confidence": 0.6713368
                            }
                        ]
                    },
                    {
                        "entity": {
                            "entityId": "/m/0lz3x",
                            "description": "closed-circuit television",
                            "languageCode": "en-US"
                        },
                        "segments": [
                            {
                                "segment": {
                                    "startTimeOffset": "20.220200s",
                                    "endTimeOffset": "20.987633s"
                                },
                                "confidence": 0.52753705
                            }
                        ]
                    },
                    {
                        "entity": {
                            "entityId": "/m/0191_7",
                            "description": "retail",
                            "languageCode": "en-US"
                        },
                        "categoryEntities": [
                            {
                                "entityId": "/m/0cgh4",
                                "description": "building",
                                "languageCode": "en-US"
                            }
                        ],
                        "segments": [
                            {
                                "segment": {
                                    "startTimeOffset": "22.022s",
                                    "endTimeOffset": "22.789433s"
                                },
                                "confidence": 0.4937841
                            },
                            {
                                "segment": {
                                    "startTimeOffset": "50.116733s",
                                    "endTimeOffset": "56.222833s"
                                },
                                "confidence": 0.48909608
                            },
                            {
                                "segment": {
                                    "startTimeOffset": "65.398666s",
                                    "endTimeOffset": "68.234833s"
                                },
                                "confidence": 0.49307472
                            },
                            {
                                "segment": {
                                    "startTimeOffset": "69.269200s",
                                    "endTimeOffset": "72.105366s"
                                },
                                "confidence": 0.5200502
                            }
                        ]
                    },
                    {
                        "entity": {
                            "entityId": "/m/079bkr",
                            "description": "mode of transport",
                            "languageCode": "en-US"
                        },
                        "segments": [
                            {
                                "segment": {
                                    "startTimeOffset": "72.138733s",
                                    "endTimeOffset": "73.073s"
                                },
                                "confidence": 0.40545037
                            },
                            {
                                "segment": {
                                    "startTimeOffset": "73.106366s",
                                    "endTimeOffset": "75.008266s"
                                },
                                "confidence": 0.41385952
                            },
                            {
                                "segment": {
                                    "startTimeOffset": "75.041633s",
                                    "endTimeOffset": "77.210466s"
                                },
                                "confidence": 0.41572264
                            },
                            {
                                "segment": {
                                    "startTimeOffset": "77.243833s",
                                    "endTimeOffset": "82.649233s"
                                },
                                "confidence": 0.42530006
                            }
                        ]
                    },
                    {
                        "entity": {
                            "entityId": "/m/021sdg",
                            "description": "graphics",
                            "languageCode": "en-US"
                        },
                        "categoryEntities": [
                            {
                                "entityId": "/m/0dgsmq8",
                                "description": "artwork",
                                "languageCode": "en-US"
                            }
                        ],
                        "segments": [
                            {
                                "segment": {
                                    "startTimeOffset": "0s",
                                    "endTimeOffset": "3.970633s"
                                },
                                "confidence": 0.716114
                            }
                        ]
                    },
                    {
                        "entity": {
                            "entityId": "/m/06ntj",
                            "description": "sports",
                            "languageCode": "en-US"
                        },
                        "segments": [
                            {
                                "segment": {
                                    "startTimeOffset": "11.911900s",
                                    "endTimeOffset": "13.279933s"
                                },
                                "confidence": 0.4094027
                            },
                            {
                                "segment": {
                                    "startTimeOffset": "73.106366s",
                                    "endTimeOffset": "75.008266s"
                                },
                                "confidence": 0.4270297
                            },
                            {
                                "segment": {
                                    "startTimeOffset": "75.041633s",
                                    "endTimeOffset": "77.210466s"
                                },
                                "confidence": 0.44746742
                            }
                        ]
                    },
                    {
                        "entity": {
                            "entityId": "/m/08t0vy",
                            "description": "individual sports",
                            "languageCode": "en-US"
                        },
                        "categoryEntities": [
                            {
                                "entityId": "/m/06ntj",
                                "description": "sports",
                                "languageCode": "en-US"
                            }
                        ],
                        "segments": [
                            {
                                "segment": {
                                    "startTimeOffset": "50.116733s",
                                    "endTimeOffset": "56.222833s"
                                },
                                "confidence": 0.43577233
                            },
                            {
                                "segment": {
                                    "startTimeOffset": "65.398666s",
                                    "endTimeOffset": "68.234833s"
                                },
                                "confidence": 0.52707213
                            },
                            {
                                "segment": {
                                    "startTimeOffset": "68.268200s",
                                    "endTimeOffset": "69.235833s"
                                },
                                "confidence": 0.44202614
                            }
                        ]
                    },
                    {
                        "entity": {
                            "entityId": "/m/02jxn5",
                            "description": "parking lot",
                            "languageCode": "en-US"
                        },
                        "categoryEntities": [
                            {
                                "entityId": "/m/078x4m",
                                "description": "location",
                                "languageCode": "en-US"
                            }
                        ],
                        "segments": [
                            {
                                "segment": {
                                    "startTimeOffset": "77.243833s",
                                    "endTimeOffset": "82.649233s"
                                },
                                "confidence": 0.49584532
                            }
                        ]
                    },
                    {
                        "entity": {
                            "entityId": "/m/07c1v",
                            "description": "technology",
                            "languageCode": "en-US"
                        },
                        "segments": [
                            {
                                "segment": {
                                    "startTimeOffset": "49.416033s",
                                    "endTimeOffset": "50.083366s"
                                },
                                "confidence": 0.62899387
                            }
                        ]
                    },
                    {
                        "entity": {
                            "entityId": "/m/01r_pn",
                            "description": "race track",
                            "languageCode": "en-US"
                        },
                        "categoryEntities": [
                            {
                                "entityId": "/m/078x4m",
                                "description": "location",
                                "languageCode": "en-US"
                            },
                            {
                                "entityId": "/m/0n68_",
                                "description": "structure",
                                "languageCode": "en-US"
                            }
                        ],
                        "segments": [
                            {
                                "segment": {
                                    "startTimeOffset": "8.341666s",
                                    "endTimeOffset": "11.878533s"
                                },
                                "confidence": 0.62468815
                            },
                            {
                                "segment": {
                                    "startTimeOffset": "11.911900s",
                                    "endTimeOffset": "13.279933s"
                                },
                                "confidence": 0.73366386
                            },
                            {
                                "segment": {
                                    "startTimeOffset": "13.313300s",
                                    "endTimeOffset": "15.115100s"
                                },
                                "confidence": 0.6278335
                            },
                            {
                                "segment": {
                                    "startTimeOffset": "15.148466s",
                                    "endTimeOffset": "15.682333s"
                                },
                                "confidence": 0.40524298
                            },
                            {
                                "segment": {
                                    "startTimeOffset": "15.715700s",
                                    "endTimeOffset": "16.683333s"
                                },
                                "confidence": 0.6294885
                            },
                            {
                                "segment": {
                                    "startTimeOffset": "16.716700s",
                                    "endTimeOffset": "17.884533s"
                                },
                                "confidence": 0.6299832
                            },
                            {
                                "segment": {
                                    "startTimeOffset": "72.138733s",
                                    "endTimeOffset": "73.073s"
                                },
                                "confidence": 0.53856
                            },
                            {
                                "segment": {
                                    "startTimeOffset": "73.106366s",
                                    "endTimeOffset": "75.008266s"
                                },
                                "confidence": 0.83296
                            },
                            {
                                "segment": {
                                    "startTimeOffset": "75.041633s",
                                    "endTimeOffset": "77.210466s"
                                },
                                "confidence": 0.78419226
                            },
                            {
                                "segment": {
                                    "startTimeOffset": "77.243833s",
                                    "endTimeOffset": "82.649233s"
                                },
                                "confidence": 0.7365364
                            }
                        ]
                    },
                    {
                        "entity": {
                            "entityId": "/m/0138tl",
                            "description": "toy",
                            "languageCode": "en-US"
                        },
                        "segments": [
                            {
                                "segment": {
                                    "startTimeOffset": "41.608233s",
                                    "endTimeOffset": "41.975266s"
                                },
                                "confidence": 0.4027378
                            }
                        ]
                    },
                    {
                        "entity": {
                            "entityId": "/m/012f08",
                            "description": "motor vehicle",
                            "languageCode": "en-US"
                        },
                        "categoryEntities": [
                            {
                                "entityId": "/m/07yv9",
                                "description": "vehicle",
                                "languageCode": "en-US"
                            }
                        ],
                        "segments": [
                            {
                                "segment": {
                                    "startTimeOffset": "73.106366s",
                                    "endTimeOffset": "75.008266s"
                                },
                                "confidence": 0.6441075
                            },
                            {
                                "segment": {
                                    "startTimeOffset": "75.041633s",
                                    "endTimeOffset": "77.210466s"
                                },
                                "confidence": 0.65763414
                            },
                            {
                                "segment": {
                                    "startTimeOffset": "77.243833s",
                                    "endTimeOffset": "82.649233s"
                                },
                                "confidence": 0.759171
                            }
                        ]
                    },
                    {
                        "entity": {
                            "entityId": "/m/014mpm",
                            "description": "intersection",
                            "languageCode": "en-US"
                        },
                        "categoryEntities": [
                            {
                                "entityId": "/m/01c8br",
                                "description": "street",
                                "languageCode": "en-US"
                            }
                        ],
                        "segments": [
                            {
                                "segment": {
                                    "startTimeOffset": "72.138733s",
                                    "endTimeOffset": "73.073s"
                                },
                                "confidence": 0.64745057
                            }
                        ]
                    },
                    {
                        "entity": {
                            "entityId": "/m/0dfbw",
                            "description": "racing",
                            "languageCode": "en-US"
                        },
                        "categoryEntities": [
                            {
                                "entityId": "/m/06ntj",
                                "description": "sports",
                                "languageCode": "en-US"
                            }
                        ],
                        "segments": [
                            {
                                "segment": {
                                    "startTimeOffset": "8.341666s",
                                    "endTimeOffset": "11.878533s"
                                },
                                "confidence": 0.5303648
                            },
                            {
                                "segment": {
                                    "startTimeOffset": "11.911900s",
                                    "endTimeOffset": "13.279933s"
                                },
                                "confidence": 0.55936
                            },
                            {
                                "segment": {
                                    "startTimeOffset": "73.106366s",
                                    "endTimeOffset": "75.008266s"
                                },
                                "confidence": 0.62865126
                            },
                            {
                                "segment": {
                                    "startTimeOffset": "75.041633s",
                                    "endTimeOffset": "77.210466s"
                                },
                                "confidence": 0.61884314
                            },
                            {
                                "segment": {
                                    "startTimeOffset": "77.243833s",
                                    "endTimeOffset": "82.649233s"
                                },
                                "confidence": 0.5303648
                            }
                        ]
                    },
                    {
                        "entity": {
                            "entityId": "/m/0ltv",
                            "description": "auto racing",
                            "languageCode": "en-US"
                        },
                        "categoryEntities": [
                            {
                                "entityId": "/m/0dfbw",
                                "description": "racing",
                                "languageCode": "en-US"
                            }
                        ],
                        "segments": [
                            {
                                "segment": {
                                    "startTimeOffset": "73.106366s",
                                    "endTimeOffset": "75.008266s"
                                },
                                "confidence": 0.8185968
                            },
                            {
                                "segment": {
                                    "startTimeOffset": "75.041633s",
                                    "endTimeOffset": "77.210466s"
                                },
                                "confidence": 0.8189293
                            },
                            {
                                "segment": {
                                    "startTimeOffset": "77.243833s",
                                    "endTimeOffset": "82.649233s"
                                },
                                "confidence": 0.64986193
                            }
                        ]
                    },
                    {
                        "entity": {
                            "entityId": "/m/01jp76",
                            "description": "parking",
                            "languageCode": "en-US"
                        },
                        "categoryEntities": [
                            {
                                "entityId": "/m/01g317",
                                "description": "person",
                                "languageCode": "en-US"
                            }
                        ],
                        "segments": [
                            {
                                "segment": {
                                    "startTimeOffset": "77.243833s",
                                    "endTimeOffset": "82.649233s"
                                },
                                "confidence": 0.4736338
                            }
                        ]
                    },
                    {
                        "entity": {
                            "entityId": "/m/0hr8",
                            "description": "asphalt",
                            "languageCode": "en-US"
                        },
                        "segments": [
                            {
                                "segment": {
                                    "startTimeOffset": "13.313300s",
                                    "endTimeOffset": "15.115100s"
                                },
                                "confidence": 0.43469408
                            },
                            {
                                "segment": {
                                    "startTimeOffset": "15.148466s",
                                    "endTimeOffset": "15.682333s"
                                },
                                "confidence": 0.42814937
                            },
                            {
                                "segment": {
                                    "startTimeOffset": "15.715700s",
                                    "endTimeOffset": "16.683333s"
                                },
                                "confidence": 0.43771607
                            },
                            {
                                "segment": {
                                    "startTimeOffset": "16.716700s",
                                    "endTimeOffset": "17.884533s"
                                },
                                "confidence": 0.49904785
                            },
                            {
                                "segment": {
                                    "startTimeOffset": "72.138733s",
                                    "endTimeOffset": "73.073s"
                                },
                                "confidence": 0.49650797
                            },
                            {
                                "segment": {
                                    "startTimeOffset": "73.106366s",
                                    "endTimeOffset": "75.008266s"
                                },
                                "confidence": 0.4319222
                            },
                            {
                                "segment": {
                                    "startTimeOffset": "75.041633s",
                                    "endTimeOffset": "77.210466s"
                                },
                                "confidence": 0.427449
                            },
                            {
                                "segment": {
                                    "startTimeOffset": "77.243833s",
                                    "endTimeOffset": "82.649233s"
                                },
                                "confidence": 0.44230688
                            }
                        ]
                    },
                    {
                        "entity": {
                            "entityId": "/m/033j3c",
                            "description": "lane",
                            "languageCode": "en-US"
                        },
                        "categoryEntities": [
                            {
                                "entityId": "/m/06gfj",
                                "description": "road",
                                "languageCode": "en-US"
                            }
                        ],
                        "segments": [
                            {
                                "segment": {
                                    "startTimeOffset": "72.138733s",
                                    "endTimeOffset": "73.073s"
                                },
                                "confidence": 0.522443
                            }
                        ]
                    },
                    {
                        "entity": {
                            "entityId": "/m/0crjs",
                            "description": "convenience store",
                            "languageCode": "en-US"
                        },
                        "categoryEntities": [
                            {
                                "entityId": "/m/0cgh4",
                                "description": "building",
                                "languageCode": "en-US"
                            }
                        ],
                        "segments": [
                            {
                                "segment": {
                                    "startTimeOffset": "69.269200s",
                                    "endTimeOffset": "72.105366s"
                                },
                                "confidence": 0.43288514
                            }
                        ]
                    },
                    {
                        "entity": {
                            "entityId": "/m/0btp2",
                            "description": "traffic",
                            "languageCode": "en-US"
                        },
                        "segments": [
                            {
                                "segment": {
                                    "startTimeOffset": "72.138733s",
                                    "endTimeOffset": "73.073s"
                                },
                                "confidence": 0.686522
                            }
                        ]
                    },
                    {
                        "entity": {
                            "entityId": "/m/019sc",
                            "description": "black",
                            "languageCode": "en-US"
                        },
                        "segments": [
                            {
                                "segment": {
                                    "startTimeOffset": "0s",
                                    "endTimeOffset": "3.970633s"
                                },
                                "confidence": 0.46001178
                            }
                        ]
                    },
                    {
                        "entity": {
                            "entityId": "/m/06gfj",
                            "description": "road",
                            "languageCode": "en-US"
                        },
                        "segments": [
                            {
                                "segment": {
                                    "startTimeOffset": "72.138733s",
                                    "endTimeOffset": "73.073s"
                                },
                                "confidence": 0.5194995
                            }
                        ]
                    },
                    {
                        "entity": {
                            "entityId": "/m/0dwx7",
                            "description": "logo",
                            "languageCode": "en-US"
                        },
                        "categoryEntities": [
                            {
                                "entityId": "/m/021sdg",
                                "description": "graphics",
                                "languageCode": "en-US"
                            }
                        ],
                        "segments": [
                            {
                                "segment": {
                                    "startTimeOffset": "0s",
                                    "endTimeOffset": "3.970633s"
                                },
                                "confidence": 0.6080562
                            }
                        ]
                    },
                    {
                        "entity": {
                            "entityId": "/m/03gq5hm",
                            "description": "font",
                            "languageCode": "en-US"
                        },
                        "categoryEntities": [
                            {
                                "entityId": "/m/01mf0",
                                "description": "software",
                                "languageCode": "en-US"
                            }
                        ],
                        "segments": [
                            {
                                "segment": {
                                    "startTimeOffset": "0s",
                                    "endTimeOffset": "3.970633s"
                                },
                                "confidence": 0.51998115
                            }
                        ]
                    }
                ]
            }
        ]
    }
}