[
  {
    "id": "72d00dab-d01e-4727-b454-2354711c9055",
    "data": [
      {
        "text": "Contact ",
        "userDefined": false
      },
      {
        "text": "thing",
        "alias": "emergencyService",
        "meta": "@emergencyService",
        "userDefined": true
      }
    ],
    "isTemplate": false,
    "count": 0,
    "updated": 1521983374
  },
  {
    "id": "dd98baed-403c-4fbb-8248-a4a747e0bca7",
    "data": [
      {
        "text": "Quickly call ",
        "userDefined": false
      },
      {
        "text": "thing",
        "alias": "emergencyService",
        "meta": "@emergencyService",
        "userDefined": true
      }
    ],
    "isTemplate": false,
    "count": 0,
    "updated": 1521983374
  },
  {
    "id": "aa36266a-ea83-44b2-b58c-5eb3bd374e17",
    "data": [
      {
        "text": "Call ",
        "userDefined": false
      },
      {
        "text": "thing",
        "alias": "emergencyService",
        "meta": "@emergencyService",
        "userDefined": true
      },
      {
        "text": " quick",
        "userDefined": false
      }
    ],
    "isTemplate": false,
    "count": 0,
    "updated": 1521983374
  },
  {
    "id": "54f52a54-35bb-47af-a57e-5be123ef1d71",
    "data": [
      {
        "text": "Call ",
        "userDefined": false
      },
      {
        "text": "thing",
        "alias": "emergencyService",
        "meta": "@emergencyService",
        "userDefined": true
      }
    ],
    "isTemplate": false,
    "count": 0,
    "updated": 1521983374
  }
]