[
  {
    "id": "bb17ec8d-d12d-4566-9424-72488ffc721e",
    "data": [
      {
        "text": "problem",
        "alias": "issue",
        "meta": "@sys.any",
        "userDefined": true
      }
    ],
    "isTemplate": false,
    "count": 0,
    "updated": 1521983006
  },
  {
    "id": "3e7c5d69-0cd6-4092-bd2b-a18406454b1b",
    "data": [
      {
        "text": "The problem is ",
        "userDefined": false
      },
      {
        "text": "problem",
        "alias": "issue",
        "meta": "@sys.any",
        "userDefined": true
      }
    ],
    "isTemplate": false,
    "count": 0,
    "updated": 1521982295
  }
]